AAACGG	Car_1
ACTCTT	Car_2
ATTCCG	Car_3
CGAGGC	Car_4
GAAATG	Car_5
GGACTT	Car_6
TAAGCT	Car_7
TCTTCT	Car_8
AACGTT	Car_9
ACTGGC	Car_10
CAAAAA	Car_11
CGCAGA	Car_12
GAACCA	Car_13
GGCAAG	Car_14
TAATTC	Car_15
TGAACC	Car_16
AACTGA	Car_17
AGCCAT	Car_18
CAATCG	Car_19
CGCGTG	Car_20
GACGAC	Car_21
GGGCGC	Car_22
TACACA	Car_23
TGACAA	Car_24
AAGACG	Car_25
AGCGCA	Car_26
CACCTC	Car_27
CGGTCC	Car_28
GACTCT	Car_29
GGGGCG	Car_30
ACAAGA	Car_51
AGTTAA	Car_52
CCCGGT	Car_53
CTCGCC	Car_54
GCATGG	Car_55
GTATCC	Car_56
TCCTGC	Car_57
TTCCGT	Car_58
ACAGCG	Car_59
ATAGTA	Car_60
CCCTAA	Car_61
CTGCGA	Car_62
GCCGTA	Car_63
GTCATC	Car_64
TCGATT	Car_65
TTCTAG	Car_66
ACATAC	Car_67
ATCAAA	Car_68
CCGAGG	Car_69
CTGGTT	Car_70
GCGACC	Car_71
GTGCCT	Car_72
TCGCCA	Car_73
TTGAGC	Car_74
ACCATG	Car_75
ATGCAC	Car_76
CCGCAT	Car_77
CTTATG	Car_78
GCGCTG	Car_79
GTGTAA	Car_80
